{
    "accuracy": 0.9992675973105419,
    "precision": 0.6577896138482024,
    "recall": 0.9020085209981741,
    "f1": 0.7607802874743327,
    "auc": 0.998582096745849,
    "best_params": {
        "model__max_depth": 20,
        "model__n_estimators": 200
    }
}